<?xml version="1.0" encoding="UTF-8"?>
<install version="1.0" type="eshopplugin" group="payment">
	<name>os_sn</name>
	<title>sn Payment for eShop</title>
	<author>SN</author>
	<creationDate>2017</creationDate>
	<version>1.0</version>
	<description>sn Payment Plugin for EShop</description>
	<config>
		<fields name="params">
			<fieldset name="basic" addfieldpath="/administrator/components/com_eshop/elements">
				<field name="sn_api" type="text" size="40" label="sn API" description="Enter your sn API" default=""></field>
				<field name="sn_currency" type="eshopcurrency" label="sn Currency" description="Choose sn Currency"></field>
			</fieldset>
		</fields>
	</config>
	<files>
		<filename>os_sn.php</filename>
	</files>
	<installsql />
	<installfile />
</install>