<?xml version="1.0" encoding="utf-8"?>
<extension type="plugin" version="2.5" method="upgrade" group="system">
	<name>SN_ESHOP</name>
	<author>JOOMI.IR IT Group</author>
	<creationDate>August 2015</creationDate>
	<copyright>Copyright (C) 2011-2015 GavickPro. All rights reserved.</copyright>
	<license>GNU General Public License version 2 or later</license>
	<authorEmail>info@joomi.ir</authorEmail>
	<authorUrl>www.joomi.ir</authorUrl>
	<version>1.0.0</version>
	<description>SN_ESHOP_DESCRIPTION</description>

	<scriptfile>script.php</scriptfile>

	<files>
		<filename plugin="sn_eshop">sn_eshop.php</filename>
		<filename>sn_eshop.xml</filename>
		<filename>script.php</filename>
		<filename>index.html</filename>
		<folder>libraries</folder>
		<folder>files</folder>
	</files>

	<languages>
		<language tag="fa-IR">language/fa-IR/fa-IR.plg_system_sn_eshop.ini</language>
		<language tag="fa-IR">language/fa-IR/fa-IR.plg_system_sn_eshop.sys.ini</language>
		<language tag="en-GB">language/en-GB/en-GB.plg_system_sn_eshop.ini</language>
		<language tag="en-GB">language/en-GB/en-GB.plg_system_sn_eshop.sys.ini</language>
	</languages>

</extension>